,r,c,income_high,income_low
0,0.01,2.0,1.7472561403315658,-0.19720146045179124
1,0.011091091091091092,2.0,1.7342854975513924,-0.19870947832202776
2,0.012182182182182182,2.0,1.74191551064022,-0.1893520183994526
3,0.013273273273273274,2.0,1.744114040793956,-0.19672310963541817
4,0.014364364364364366,2.0,1.7481731577733348,-0.19515052962966353
5,0.015455455455455456,2.0,1.7215030650357885,-0.19158438315426737
6,0.016546546546546546,2.0,1.7124903467253099,-0.19672785387599803
7,0.01763763763763764,2.0,1.7403598671784828,-0.19728703894361221
8,0.01872872872872873,2.0,1.7443509719750199,-0.1972459390562238
9,0.019819819819819822,2.0,1.7130557960587525,-0.19778566485866256
10,0.020910910910910914,2.0,1.721911708091276,-0.19893723135741553
11,0.022002002002002002,2.0,1.7249348800088717,-0.1989007926235493
12,0.023093093093093098,2.0,1.747397545735615,-0.19000193158729478
13,0.024184184184184186,2.0,1.736758370881363,-0.19675285595286443
14,0.025275275275275278,2.0,1.7493795709170277,-0.18460290806311266
15,0.02636636636636637,2.0,1.7328979075300932,-0.18326944703374382
16,0.02745745745745746,2.0,1.754343726406556,-0.1960333499339332
17,0.028548548548548554,2.0,1.7208251512748678,-0.1961678464564947
18,0.029639639639639642,2.0,1.7281413082290058,-0.19718605758440508
19,0.03073073073073073,2.0,1.7338277525481112,-0.1947682985038368
20,0.031821821821821826,2.0,1.7167544311733873,-0.1859160681719785
21,0.032912912912912914,2.0,1.7431485420036683,-0.1958067910627377
22,0.03400400400400401,2.0,1.7507999589366658,-0.19470316975001375
23,0.0350950950950951,2.0,1.720097808935008,-0.19916797943641987
24,0.036186186186186194,2.0,1.7404850570722032,-0.19557686178500008
25,0.03727727727727728,2.0,1.7236525443623432,-0.1965730494391052
26,0.03836836836836837,2.0,1.7208415431485715,-0.19179652567545172
27,0.039459459459459466,2.0,1.7276684958257367,-0.19767010940481722
28,0.040550550550550554,2.0,1.7117041740998022,-0.19419461699030782
29,0.04164164164164165,2.0,1.740812990595792,-0.18725065720932782
30,0.04273273273273274,2.0,1.7376214499041909,-0.18875530295836496
31,0.04382382382382383,2.0,1.7153745064421726,-0.18993067599937435
32,0.04491491491491492,2.0,1.7489554033641277,-0.1932214611383085
33,0.04600600600600601,2.0,1.739354285592103,-0.19670516919496556
34,0.047097097097097106,2.0,1.7179957549181721,-0.1977146610977845
35,0.048188188188188194,2.0,1.7261652507514147,-0.1953890420013691
36,0.04927927927927929,2.0,1.7461930016275948,-0.1961279618707042
37,0.05037037037037038,2.0,1.707502275690946,-0.19054125034474736
38,0.051461461461461466,2.0,1.7066567021245114,-0.19243005343960337
39,0.05255255255255256,2.0,1.7210941945979563,-0.18840651175071949
40,0.05364364364364365,2.0,1.7226013041248283,-0.19477288947776938
41,0.054734734734734745,2.0,1.718581672931602,-0.19898065505541773
42,0.055825825825825834,2.0,1.7014900444407086,-0.19229912680059136
43,0.05691691691691692,2.0,1.7568632577042111,-0.19480587201835647
44,0.05800800800800802,2.0,1.7424823553626816,-0.1947891410351492
45,0.059099099099099106,2.0,1.742060041513756,-0.18980941367437096
46,0.0601901901901902,2.0,1.724932470754941,-0.18625739248512288
47,0.06128128128128129,2.0,1.7003257292635314,-0.1876655127672441
48,0.062372372372372385,2.0,1.7156877233754226,-0.18733910517631247
49,0.06346346346346347,2.0,1.7186679866976626,-0.19519465102945785
50,0.06455455455455456,2.0,1.7474571478881453,-0.19810030651441365
51,0.06564564564564565,2.0,1.737215307853254,-0.18581813323150398
52,0.06673673673673675,2.0,1.70247210384436,-0.19646001463319307
53,0.06782782782782784,2.0,1.721314203080864,-0.18293637995451661
54,0.06891891891891892,2.0,1.7457694569595275,-0.1896738549493065
55,0.07001001001001002,2.0,1.7404415229706782,-0.19690003232407283
56,0.07110110110110111,2.0,1.7229734975496966,-0.19093304877416892
57,0.0721921921921922,2.0,1.7421761584409154,-0.19468944224972715
58,0.07328328328328329,2.0,1.706737468104846,-0.19783338191030808
59,0.07437437437437437,2.0,1.7324507425714635,-0.19333051960322084
60,0.07546546546546547,2.0,1.7415449574875088,-0.19526027267303173
61,0.07655655655655656,2.0,1.7196405815638836,-0.18036320157725352
62,0.07764764764764766,2.0,1.729626933922114,-0.1886279493063165
63,0.07873873873873874,2.0,1.7053008629020134,-0.19086152575964752
64,0.07982982982982983,2.0,1.696537352215697,-0.19942155020766372
65,0.08092092092092093,2.0,1.7276126233638849,-0.19149076636852486
66,0.08201201201201201,2.0,1.7374041765632233,-0.19140612883400443
67,0.08310310310310311,2.0,1.719923981886364,-0.1938838773299235
68,0.0841941941941942,2.0,1.725875899065291,-0.18905185421263002
69,0.0852852852852853,2.0,1.7245940161589821,-0.18697951240107047
70,0.08637637637637638,2.0,1.7173193625742553,-0.18997617377415105
71,0.08746746746746747,2.0,1.7408160520189244,-0.18515207565573527
72,0.08855855855855857,2.0,1.7389641585780526,-0.1873228626313085
73,0.08964964964964965,2.0,1.7341176374462564,-0.18504824345916238
74,0.09074074074074075,2.0,1.7219609479642475,-0.19256221413564648
75,0.09183183183183184,2.0,1.7355904524989256,-0.1915280140238701
76,0.09292292292292292,2.0,1.7209274231872034,-0.1990542070891043
77,0.09401401401401402,2.0,1.7389535762118704,-0.1884668548721343
78,0.09510510510510511,2.0,1.7170783501827873,-0.19159482458762067
79,0.09619619619619621,2.0,1.7342353120185687,-0.1841727288745674
80,0.09728728728728729,2.0,1.735839140175828,-0.1827477451110661
81,0.09837837837837839,2.0,1.7160581766550649,-0.17922338373482463
82,0.09946946946946948,2.0,1.725235975625647,-0.18699120411158882
83,0.10056056056056056,2.0,1.7324745222059277,-0.1897311232352707
84,0.10165165165165166,2.0,1.7036071436491838,-0.18948270280534854
85,0.10274274274274275,2.0,1.7188937641403517,-0.19297558830211506
86,0.10383383383383384,2.0,1.743833350374267,-0.17998160783311706
87,0.10492492492492493,2.0,1.7211695161305882,-0.19070548136980123
88,0.10601601601601603,2.0,1.7231899919607436,-0.18652398928845157
89,0.10710710710710712,2.0,1.712402974682664,-0.19924643178171855
90,0.1081981981981982,2.0,1.7451999206527493,-0.1812673288805569
91,0.1092892892892893,2.0,1.7454095902100626,-0.18175810830137623
92,0.1103803803803804,2.0,1.7355105225576457,-0.19093591218066208
93,0.11147147147147148,2.0,1.7362172057548342,-0.19156439300483816
94,0.11256256256256257,2.0,1.7293675278031242,-0.18111820394504863
95,0.11365365365365367,2.0,1.7131160808782224,-0.1771381148016998
96,0.11474474474474476,2.0,1.7411786535592686,-0.19051245674559134
97,0.11583583583583584,2.0,1.7394058379905457,-0.17937743994138367
98,0.11692692692692694,2.0,1.729093882984968,-0.18071263413667824
99,0.11801801801801803,2.0,1.730267892449913,-0.18009527464830558
100,0.11910910910910912,2.0,1.7349001651555374,-0.19522770287378258
101,0.12020020020020021,2.0,1.7201475570210714,-0.18552570754973202
102,0.1212912912912913,2.0,1.7296174867202094,-0.18772520181452212
103,0.12238238238238239,2.0,1.7481138553527829,-0.19006086814863957
104,0.12347347347347348,2.0,1.7503455000293555,-0.18433185216178996
105,0.12456456456456458,2.0,1.7005563151928662,-0.18207697742161363
106,0.12565565565565567,2.0,1.749795342079203,-0.18338543678173735
107,0.12674674674674677,2.0,1.7269940187755235,-0.18378133529928173
108,0.12783783783783786,2.0,1.7413374215657165,-0.18157065793194158
109,0.12892892892892896,2.0,1.7072391531502764,-0.15954963678035836
110,0.13002002002002003,2.0,1.7100811940142642,-0.17790354209909728
111,0.13111111111111112,2.0,1.7247838042689227,-0.18535819084267313
112,0.13220220220220222,2.0,1.7409060195482713,-0.19276697561188527
113,0.1332932932932933,2.0,1.7254602912459172,-0.18968267648889076
114,0.1343843843843844,2.0,1.7425479110335211,-0.18349593940393452
115,0.1354754754754755,2.0,1.7311871702933472,-0.16983483605413327
116,0.1365665665665666,2.0,1.7468001039175438,-0.17681919650491365
117,0.1376576576576577,2.0,1.7248084189724096,-0.18010534613440873
118,0.13874874874874876,2.0,1.7051604588360343,-0.1992157653290424
119,0.13983983983983986,2.0,1.737945616737425,-0.18014856585401157
120,0.14093093093093095,2.0,1.736139237348305,-0.18074639576419543
121,0.14202202202202205,2.0,1.7195599836863562,-0.17831335426664657
122,0.14311311311311314,2.0,1.7347144982300642,-0.17743735742847866
123,0.14420420420420424,2.0,1.7143692928056142,-0.17844272032556746
124,0.14529529529529533,2.0,1.7424178017755971,-0.1716715516952517
125,0.1463863863863864,2.0,1.7414142111505495,-0.1779800901888023
126,0.1474774774774775,2.0,1.738297077745547,-0.1794261901636941
127,0.1485685685685686,2.0,1.739624403826514,-0.18359672662432888
128,0.1496596596596597,2.0,1.7472371768209574,-0.18491478120471402
129,0.15075075075075078,2.0,1.7062429873529752,-0.17804570123261115
130,0.15184184184184188,2.0,1.7256510417140396,-0.18030896953370157
131,0.15293293293293297,2.0,1.7132493973660512,-0.17216609629849472
132,0.15402402402402404,2.0,1.7339027655156551,-0.18282961445816878
133,0.15511511511511514,2.0,1.7176670703176409,-0.1793841822246615
134,0.15620620620620623,2.0,1.7504122400937439,-0.1724313721210335
135,0.15729729729729733,2.0,1.7385058378493903,-0.18339064582834033
136,0.15838838838838842,2.0,1.716949285223981,-0.1727268876598641
137,0.15947947947947952,2.0,1.7137099084914176,-0.17779232752372118
138,0.16057057057057061,2.0,1.7447705545508903,-0.17793482808312006
139,0.16166166166166168,2.0,1.7323447031259809,-0.18261372172787066
140,0.16275275275275278,2.0,1.7333407195717103,-0.1694903217200595
141,0.16384384384384387,2.0,1.7242550478326177,-0.17637972684977032
142,0.16493493493493497,2.0,1.7078008471958024,-0.17341319036940467
143,0.16602602602602606,2.0,1.7469233674821116,-0.1780319915512406
144,0.16711711711711716,2.0,1.7231144887627061,-0.19002757768790107
145,0.16820820820820823,2.0,1.7148213054101888,-0.1836883715054559
146,0.16929929929929932,2.0,1.7162058213114195,-0.1803063312254858
147,0.17039039039039042,2.0,1.7161859212725412,-0.18069855072168348
148,0.1714814814814815,2.0,1.737866149470984,-0.18980406195889707
149,0.1725725725725726,2.0,1.740064430484694,-0.18584155895405788
150,0.1736636636636637,2.0,1.719086396555268,-0.17860677419399065
151,0.1747547547547548,2.0,1.711522657914925,-0.1595591147856777
152,0.17584584584584587,2.0,1.7237722749974036,-0.16570942377662878
153,0.17693693693693696,2.0,1.7093870604560297,-0.18833548200470215
154,0.17802802802802806,2.0,1.7332353453596734,-0.16906840149855745
155,0.17911911911911915,2.0,1.7166044890703713,-0.18375744792077348
156,0.18021021021021025,2.0,1.734751688008123,-0.18167797325693824
157,0.18130130130130134,2.0,1.7165667849493338,-0.16280599737891144
158,0.18239239239239244,2.0,1.7384412009946797,-0.1554071134064797
159,0.1834834834834835,2.0,1.7231881198277894,-0.15959412700014483
160,0.1845745745745746,2.0,1.7230072546585191,-0.16823864913682043
161,0.1856656656656657,2.0,1.715857629337501,-0.1717843093089999
162,0.1867567567567568,2.0,1.7250676999309302,-0.16798304903334224
163,0.1878478478478479,2.0,1.7364304763152152,-0.17296141603428575
164,0.18893893893893898,2.0,1.7165907210478288,-0.1645230959574849
165,0.19003003003003008,2.0,1.7111905403393004,-0.1676797549499288
166,0.19112112112112115,2.0,1.7138974193937595,-0.16600793061455743
167,0.19221221221221224,2.0,1.7254064661111979,-0.17713368023837148
168,0.19330330330330334,2.0,1.7295017714854521,-0.1487563118367328
169,0.19439439439439443,2.0,1.7202846378135466,-0.17258931788053855
170,0.19548548548548553,2.0,1.7068913259421183,-0.1698581435343131
171,0.19657657657657662,2.0,1.7156504233385763,-0.16578607281253405
172,0.1976676676676677,2.0,1.731740691613127,-0.1688243737088191
173,0.19875875875875879,2.0,1.726658299820365,-0.16802100529365938
174,0.19984984984984988,2.0,1.730920259713831,-0.16728241438258132
175,0.20094094094094098,2.0,1.734267943192226,-0.18062562341288743
176,0.20203203203203207,2.0,1.7364497293466867,-0.16038368304392964
177,0.20312312312312317,2.0,1.7289421664668985,-0.1565948431554605
178,0.20421421421421426,2.0,1.7228771425016869,-0.16425514854304762
179,0.20530530530530533,2.0,1.7377505853027924,-0.1645572191830324
180,0.20639639639639643,2.0,1.742369837211313,-0.1779136027156982
181,0.20748748748748752,2.0,1.7445979080912573,-0.17087657529529587
182,0.20857857857857862,2.0,1.7317922570241642,-0.1581098287739288
183,0.2096696696696697,2.0,1.7265696745361097,-0.16903129506413578
184,0.2107607607607608,2.0,1.7191992170694768,-0.16368418105663124
185,0.2118518518518519,2.0,1.7091086730146934,-0.16667274496211487
186,0.21294294294294297,2.0,1.7434787100447788,-0.14922190123606355
187,0.21403403403403407,2.0,1.744997671283923,-0.1771778665551339
188,0.21512512512512516,2.0,1.720583218138594,-0.17104588102151397
189,0.21621621621621626,2.0,1.7301071510220032,-0.16262832126906515
190,0.21730730730730735,2.0,1.728093709715893,-0.16082759102719182
191,0.21839839839839845,2.0,1.731829666704913,-0.17475064521582098
192,0.21948948948948954,2.0,1.734944471449626,-0.15761301428489255
193,0.2205805805805806,2.0,1.7037798200561787,-0.1702487881998018
194,0.2216716716716717,2.0,1.7088606020645496,-0.1651888982595061
195,0.2227627627627628,2.0,1.718290885501424,-0.16065562976763242
196,0.2238538538538539,2.0,1.7349197266810747,-0.16383890562020312
197,0.224944944944945,2.0,1.7282057918296847,-0.13169701535210784
198,0.2260360360360361,2.0,1.7314101423032124,-0.1740404604614004
199,0.22712712712712715,2.0,1.7385290773596775,-0.15537437619939398
200,0.22821821821821825,2.0,1.7079928749791307,-0.16165612452615497
201,0.22930930930930934,2.0,1.7189356261582605,-0.16087648328446197
202,0.23040040040040044,2.0,1.7140695757384616,-0.16005578348075028
203,0.23149149149149154,2.0,1.7381083054444968,-0.1645119809677448
204,0.23258258258258263,2.0,1.7337902111189925,-0.16523184033090674
205,0.23367367367367373,2.0,1.7433309723369725,-0.16267089451005642
206,0.2347647647647648,2.0,1.722090191653777,-0.16262093367153674
207,0.2358558558558559,2.0,1.7196259759596622,-0.1589988546415974
208,0.23694694694694698,2.0,1.7178425430101623,-0.1510666109613128
209,0.23803803803803808,2.0,1.7303044194866242,-0.1711687547650665
210,0.23912912912912918,2.0,1.7208295493980443,-0.1575448659581492
211,0.24022022022022027,2.0,1.7120079869876625,-0.17083301480354685
212,0.24131131131131137,2.0,1.7313276594705058,-0.14326567067797744
213,0.24240240240240243,2.0,1.7298817104619886,-0.1676890524997359
214,0.24349349349349353,2.0,1.7300082844248124,-0.16453982375543716
215,0.24458458458458462,2.0,1.7147217864352418,-0.14772285847824784
216,0.24567567567567572,2.0,1.698706319776183,-0.1564015017794993
217,0.24676676676676682,2.0,1.7409492378517346,-0.16766641207996122
218,0.2478578578578579,2.0,1.7126715924709175,-0.15042769917358878
219,0.24894894894894898,2.0,1.7094389865903945,-0.15201062508273186
220,0.25004004004004005,2.0,1.7255197937968088,-0.1537409052763948
221,0.25113113113113117,2.0,1.731428079424973,-0.15787798281224064
222,0.25222222222222224,2.0,1.737696117558626,-0.13805333628534333
223,0.25331331331331336,2.0,1.7379069893602974,-0.1336793678105593
224,0.2544044044044044,2.0,1.729088384043405,-0.15270046139154192
225,0.25549549549549555,2.0,1.7300813369530474,-0.1555421656573345
226,0.2565865865865866,2.0,1.7201567780311926,-0.15310925723311852
227,0.2576776776776777,2.0,1.71025727461445,-0.17234635854574995
228,0.2587687687687688,2.0,1.7154355558270091,-0.16524597309825723
229,0.2598598598598599,2.0,1.7365760340780683,-0.14746442690244488
230,0.260950950950951,2.0,1.7234586421701263,-0.13723823670890503
231,0.26204204204204207,2.0,1.723072180282114,-0.16618003628257144
232,0.2631331331331332,2.0,1.73230450120545,-0.1462171601209709
233,0.26422422422422426,2.0,1.7346812379406453,-0.16764940547637644
234,0.2653153153153154,2.0,1.7298380074237463,-0.1584309729186762
235,0.26640640640640645,2.0,1.7401866346403463,-0.15677111732189028
236,0.2674974974974975,2.0,1.7186306847853505,-0.15891912357123633
237,0.26858858858858864,2.0,1.7169102613096892,-0.14899839491360076
238,0.2696796796796797,2.0,1.6986547622382464,-0.16233549185427448
239,0.27077077077077083,2.0,1.7081564789697934,-0.1512833532778135
240,0.2718618618618619,2.0,1.719093773490328,-0.14374959125303552
241,0.272952952952953,2.0,1.7361341163130997,-0.13247879379503857
242,0.2740440440440441,2.0,1.7068090708787889,-0.14101147215561477
243,0.27513513513513516,2.0,1.7130816175502204,-0.15023248557688412
244,0.2762262262262263,2.0,1.7132086495851937,-0.15680125080488583
245,0.27731731731731735,2.0,1.7125872814863377,-0.13615992699314527
246,0.27840840840840847,2.0,1.731100015635492,-0.1429452130223009
247,0.27949949949949954,2.0,1.7376981048036315,-0.14816330948660303
248,0.28059059059059066,2.0,1.7135367533469623,-0.16192199212310532
249,0.28168168168168173,2.0,1.7381260207621378,-0.15794019318226887
250,0.2827727727727728,2.0,1.733399154812747,-0.15529550927135682
251,0.2838638638638639,2.0,1.732509423403568,-0.15289913952415538
252,0.284954954954955,2.0,1.778863893901251,-0.14852739282509125
253,0.2860460460460461,2.0,1.7157059718863066,-0.14898011253152452
254,0.2871371371371372,2.0,1.7677446624591655,-0.15464881044248427
255,0.2882282282282283,2.0,1.7204749549093106,-0.14801597953824902
256,0.28931931931931937,2.0,1.7268716838353475,-0.13387402795061176
257,0.29041041041041044,2.0,1.713473229593376,-0.16083825495671314
258,0.29150150150150156,2.0,1.739222770378975,-0.15215358029006512
259,0.2925925925925926,2.0,1.7470867964115762,-0.15235114593787263
260,0.29368368368368375,2.0,1.7136429579556318,-0.1567644277369596
261,0.2947747747747748,2.0,1.7118882852821593,-0.1354731073994065
262,0.29586586586586594,2.0,1.7439291484668686,-0.13597761216591378
263,0.296956956956957,2.0,1.7214370954783966,-0.11865201093892713
264,0.2980480480480481,2.0,1.7199302403826886,-0.12506687580026776
265,0.2991391391391392,2.0,1.7252656109727806,-0.12278618755332063
266,0.30023023023023027,2.0,1.746394308126649,-0.1625676565853439
267,0.3013213213213214,2.0,1.715007832511122,-0.14423684012685214
268,0.30241241241241246,2.0,1.710360872587636,-0.17195296838722296
269,0.3035035035035036,2.0,1.7083293930955918,-0.1520802512965272
270,0.30459459459459465,2.0,1.7083328161619866,-0.15088473502531877
271,0.3056856856856857,2.0,1.7143807566725033,-0.15450310811297527
272,0.30677677677677684,2.0,1.7261240205725692,-0.1263508225488194
273,0.3078678678678679,2.0,1.7260793706876274,-0.15106262445310464
274,0.30895895895895903,2.0,1.732429543282853,-0.1302386434897209
275,0.3100500500500501,2.0,1.7166150110266363,-0.13916901757296468
276,0.3111411411411412,2.0,1.7251259573115034,-0.131668308343531
277,0.3122322322322323,2.0,1.731656041826882,-0.14231260135880006
278,0.31332332332332336,2.0,1.7249597620743404,-0.12485611475912085
279,0.3144144144144145,2.0,1.7015894580481545,-0.136826832425647
280,0.31550550550550555,2.0,1.7211752600358723,-0.11554627945118083
281,0.31659659659659667,2.0,1.7180224265959172,-0.14951047785271201
282,0.31768768768768774,2.0,1.7358772115058525,-0.13686020790355982
283,0.3187787787787788,2.0,1.70283403898385,-0.14186918559661144
284,0.3198698698698699,2.0,1.7306361412348799,-0.14244491278233096
285,0.320960960960961,2.0,1.7084212094410005,-0.11953791932337378
286,0.3220520520520521,2.0,1.7296704906953213,-0.1385169047914401
287,0.3231431431431432,2.0,1.7313570516325203,-0.1373248236599014
288,0.3242342342342343,2.0,1.7379555547850112,-0.13247594425319623
289,0.3253253253253254,2.0,1.7078701039677358,-0.10649841959265692
290,0.32641641641641644,2.0,1.7316510841097237,-0.10328503900823041
291,0.32750750750750757,2.0,1.7106272193268472,-0.1517141167608238
292,0.32859859859859863,2.0,1.6932753975277706,-0.10852998134733247
293,0.32968968968968976,2.0,1.7034585000462403,-0.1274029954331242
294,0.3307807807807808,2.0,1.7232423365900598,-0.12853897405991696
295,0.33187187187187195,2.0,1.7198736472751621,-0.14666880908961397
296,0.332962962962963,2.0,1.7249026858490535,-0.1422512992817074
297,0.3340540540540541,2.0,1.7233759365932595,-0.13251330742539905
298,0.3351451451451452,2.0,1.7333024577006095,-0.10555469902488171
299,0.3362362362362363,2.0,1.7212030847517958,-0.14116383843369584
300,0.3373273273273274,2.0,1.7180093825864995,-0.13031196253286106
301,0.33841841841841847,2.0,1.7216693082708245,-0.13210458932051064
302,0.3395095095095096,2.0,1.7392299897128112,-0.1350949161289756
303,0.34060060060060066,2.0,1.7212380889913028,-0.1089756680529975
304,0.3416916916916917,2.0,1.730395222249923,-0.1486249326905106
305,0.34278278278278285,2.0,1.719079785271929,-0.12146291674639545
306,0.3438738738738739,2.0,1.7276818944910637,-0.12514600929761024
307,0.34496496496496504,2.0,1.7251299517143686,-0.12429463346385532
308,0.3460560560560561,2.0,1.7307014574790933,-0.1139094362537019
309,0.34714714714714723,2.0,1.710505087690622,-0.09534912654934377
310,0.3482382382382383,2.0,1.75515380450188,-0.15116805981397777
311,0.34932932932932936,2.0,1.7202940439772747,-0.12822098111468827
312,0.3504204204204205,2.0,1.7089362787361033,-0.12744212934344487
313,0.35151151151151155,2.0,1.7227392058429298,-0.12740013245246748
314,0.3526026026026027,2.0,1.7286464972105577,-0.14033772779573944
315,0.35369369369369374,2.0,1.7383156446142747,-0.1310592931470176
316,0.35478478478478487,2.0,1.7337253146544158,-0.11896344989646007
317,0.35587587587587594,2.0,1.7275212315000459,-0.14912360346344752
318,0.356966966966967,2.0,1.7166250373264464,-0.11413245408116897
319,0.3580580580580581,2.0,1.7295958665701763,-0.12142668966005724
320,0.3591491491491492,2.0,1.7379481874777607,-0.11652633235706278
321,0.3602402402402403,2.0,1.729636512727048,-0.1261189891665381
322,0.3613313313313314,2.0,1.7293863655334187,-0.1466072736854305
323,0.3624224224224225,2.0,1.7349941358313814,-0.11265709729573649
324,0.3635135135135136,2.0,1.714318632460121,-0.09908035776942206
325,0.36460460460460464,2.0,1.718141150811821,-0.13357670120463197
326,0.36569569569569577,2.0,1.709542113161918,-0.1172706227628268
327,0.36678678678678683,2.0,1.7036489878405312,-0.11215731100408013
328,0.36787787787787796,2.0,1.719109613403729,-0.10246853719507878
329,0.368968968968969,2.0,1.7174588875386634,-0.11471024775045831
330,0.37006006006006015,2.0,1.728371483098048,-0.1098981315000794
331,0.3711511511511512,2.0,1.7215091075619455,-0.11873603139001408
332,0.3722422422422423,2.0,1.734849241416572,-0.09313347487916417
333,0.3733333333333334,2.0,1.7115021544979943,-0.10998720792388891
334,0.3744244244244245,2.0,1.7221630088243678,-0.14752646819662696
335,0.3755155155155156,2.0,1.7172613710870344,-0.13435717947311093
336,0.37660660660660666,2.0,1.7024017659373114,-0.11089428115687427
337,0.37769769769769773,2.0,1.731032495765073,-0.13560053172638256
338,0.37878878878878885,2.0,1.6907196212963254,-0.09673389292470108
339,0.3798798798798799,2.0,1.7125631029983324,-0.13332532749422846
340,0.38097097097097105,2.0,1.7216731819634568,-0.1143650418851184
341,0.3820620620620621,2.0,1.71384541850773,-0.12536447386947555
342,0.38315315315315324,2.0,1.712323994810891,-0.11144216302195017
343,0.3842442442442443,2.0,1.7193496910928263,-0.11190135537359129
344,0.38533533533533537,2.0,1.7462433575305059,-0.11193439562441944
345,0.3864264264264265,2.0,1.7161061748469053,-0.10938671260487612
346,0.38751751751751756,2.0,1.744108127847409,-0.13105488681682612
347,0.3886086086086087,2.0,1.766264327014551,-0.11526873646945687
348,0.38969969969969975,2.0,1.753440250494675,-0.07101261989407039
349,0.3907907907907909,2.0,1.7248837636958514,-0.10921370261751147
350,0.39188188188188194,2.0,1.7227214631265277,-0.11498335057619835
351,0.392972972972973,2.0,1.7265046500835952,-0.09700357016510167
352,0.39406406406406413,2.0,1.6856796796274738,-0.12048407237270092
353,0.3951551551551552,2.0,1.7074186246848482,-0.07946044936866661
354,0.3962462462462463,2.0,1.7228585324471766,-0.12062644626603344
355,0.3973373373373374,2.0,1.7078666910709743,-0.11955672923098622
356,0.3984284284284285,2.0,1.737701749953991,-0.11122139480388936
357,0.3995195195195196,2.0,1.7344654667394086,-0.10735836353869517
358,0.40061061061061065,2.0,1.72306744785046,-0.11478109445514047
359,0.4017017017017018,2.0,1.7354626145862302,-0.10235888578168792
360,0.40279279279279284,2.0,1.7221952272795964,-0.10110688771431452
361,0.40388388388388397,2.0,1.727173987819225,-0.09491895019306766
362,0.40497497497497503,2.0,1.7114004056864107,-0.11807266935732696
363,0.40606606606606616,2.0,1.7023351601409655,-0.12983996005580728
364,0.4071571571571572,2.0,1.71938551097147,-0.09057970061979496
365,0.4082482482482483,2.0,1.7312417972247593,-0.08409329412282543
366,0.4093393393393394,2.0,1.7215234582809065,-0.09166318758892363
367,0.4104304304304305,2.0,1.7418261957737877,-0.08252728807786242
368,0.4115215215215216,2.0,1.7224123285452504,-0.0999437843872392
369,0.4126126126126127,2.0,1.7112557608592216,-0.10878397714881691
370,0.4137037037037038,2.0,1.7084012906691848,-0.11406999706075584
371,0.41479479479479486,2.0,1.7185887430660352,-0.08235201548773835
372,0.41588588588588593,2.0,1.7204147469897937,-0.1071184566749055
373,0.41697697697697705,2.0,1.7145456042710114,-0.10558316085786289
374,0.4180680680680681,2.0,1.727649300180087,-0.11579115678289165
375,0.41915915915915924,2.0,1.7233434734312534,-0.09601609291995797
376,0.4202502502502503,2.0,1.7415667823910863,-0.09448379308180897
377,0.42134134134134144,2.0,1.704062099566363,-0.12220130692263127
378,0.4224324324324325,2.0,1.7077647723361744,-0.10300081004446322
379,0.42352352352352357,2.0,1.7166171519341946,-0.10201174328024556
380,0.4246146146146147,2.0,1.7247457054136766,-0.08219610347512668
381,0.42570570570570576,2.0,1.7088659103558572,-0.07626351115990734
382,0.4267967967967969,2.0,1.7161330623945013,-0.08737076154891668
383,0.42788788788788795,2.0,1.718395236624341,-0.08652344013739734
384,0.4289789789789791,2.0,1.732586947602691,-0.09071347107795463
385,0.43007007007007014,2.0,1.7640983449503749,-0.08278457332002458
386,0.4311611611611612,2.0,1.7410120265934936,-0.04659163841105847
387,0.43225225225225233,2.0,1.723730411036113,-0.08760807592837058
388,0.4333433433433434,2.0,1.7175247308958168,-0.03343654566662318
389,0.4344344344344345,2.0,1.730721533914525,-0.10354819422477293
390,0.4355255255255256,2.0,1.7130101464467888,-0.08176653542250913
391,0.43661661661661666,2.0,1.7034165908284677,-0.06207088645290068
392,0.4377077077077078,2.0,1.715965334998187,-0.09532363439618229
393,0.43879879879879885,2.0,1.734592839301925,-0.0828830719078095
394,0.43988988988989,2.0,1.7330702519198289,-0.09992832589635076
395,0.44098098098098104,2.0,1.7116123478137415,-0.07127208258253628
396,0.44207207207207216,2.0,1.7262895802773863,-0.07304401328794552
397,0.44316316316316323,2.0,1.7322291546850501,-0.09226972164523864
398,0.4442542542542543,2.0,1.7055590651387498,-0.08902945735600859
399,0.4453453453453454,2.0,1.7139380227015761,-0.06893364203588015
400,0.4464364364364365,2.0,1.7191560136674902,-0.10242004282817498
401,0.4475275275275276,2.0,1.71854393208416,-0.0940001443471951
402,0.4486186186186187,2.0,1.7206005032125653,-0.05197578182292957
403,0.4497097097097098,2.0,1.7337454593085397,-0.0784048680860197
404,0.45080080080080087,2.0,1.7022912787434077,-0.10049934889116464
405,0.45189189189189194,2.0,1.7498092271143946,-0.0748339649428775
406,0.45298298298298306,2.0,1.7328817840364659,-0.10008692018359194
407,0.45407407407407413,2.0,1.7339580942176434,-0.08236642975116643
408,0.45516516516516525,2.0,1.7422795241770217,-0.09866020390357934
409,0.4562562562562563,2.0,1.6971118251038895,-0.0842843532131672
410,0.45734734734734744,2.0,1.7050591350896276,-0.1111847351828469
411,0.4584384384384385,2.0,1.7048868576192193,-0.050103766732237036
412,0.4595295295295296,2.0,1.709819308745017,-0.06485248543319255
413,0.4606206206206207,2.0,1.7556132991782893,-0.08041254635937299
414,0.46171171171171177,2.0,1.7065781742411912,-0.09914930226768676
415,0.4628028028028029,2.0,1.770032929704426,-0.04441653784541106
416,0.46389389389389396,2.0,1.7185972706501877,-0.11488246277421757
417,0.4649849849849851,2.0,1.7184401125519508,-0.06093449040339804
418,0.46607607607607615,2.0,1.7357236011711705,-0.06610841270720241
419,0.4671671671671672,2.0,1.7044676312495572,-0.09286332878292983
420,0.46825825825825834,2.0,1.7135946944388358,-0.0782769333965582
421,0.4693493493493494,2.0,1.7003731001287188,-0.08271378008885288
422,0.47044044044044053,2.0,1.7198257093121203,-0.10351919241045049
423,0.4715315315315316,2.0,1.7287978971013942,-0.0570378517267021
424,0.4726226226226227,2.0,1.7065617321611082,-0.07577733471237004
425,0.4737137137137138,2.0,1.7152585606662807,-0.08331035932140939
426,0.47480480480480486,2.0,1.746806152938776,-0.07364548587568344
427,0.475895895895896,2.0,1.704332763518293,-0.0715067103079651
428,0.47698698698698705,2.0,1.7158547881531854,-0.07065899637366925
429,0.4780780780780782,2.0,1.7292731729770094,-0.03568211380899268
430,0.47916916916916924,2.0,1.698105624320585,-0.059751193684997025
431,0.48026026026026036,2.0,1.7198611661204388,-0.06747290579774466
432,0.48135135135135143,2.0,1.7573979768973669,-0.06504812145688187
433,0.4824424424424425,2.0,1.707444489831335,-0.08616921567238033
434,0.4835335335335336,2.0,1.7122173790500788,-0.025721376304732854
435,0.4846246246246247,2.0,1.7260056586791392,-0.08346150464495107
436,0.4857157157157158,2.0,1.714504488969022,-0.022334741775267144
437,0.4868068068068069,2.0,1.7096809205057986,-0.06804261163225282
438,0.48789789789789795,2.0,1.70233457913182,-0.0547603684681668
439,0.48898898898898907,2.0,1.7546883462005194,-0.10834344441372114
440,0.49008008008008014,2.0,1.746031867364559,-0.035551391494372996
441,0.49117117117117126,2.0,1.710746195257738,-0.03213769584265889
442,0.49226226226226233,2.0,1.7407308872515317,-0.053196975483396386
443,0.49335335335335345,2.0,1.7044962494366476,-0.03745933067609169
444,0.4944444444444445,2.0,1.6970614578255436,-0.06618005041113535
445,0.4955355355355356,2.0,1.7036341303627083,-0.03677973845389976
446,0.4966266266266267,2.0,1.7120496836091994,-0.0949443841183113
447,0.4977177177177178,2.0,1.7326704460566404,-0.07772424230907726
448,0.4988088088088089,2.0,1.7061180531879652,-0.03945911441410916
449,0.49989989989989997,2.0,1.7233554827967605,-0.059432530536714025
450,0.5009909909909911,2.0,1.7565582386268113,-0.03700231099887731
451,0.5020820820820822,2.0,1.7181993251215346,-0.05610384896258809
452,0.5031731731731732,2.0,1.7121056041906102,-0.05764337864187408
453,0.5042642642642643,2.0,1.7118236401411089,-0.05763423053742917
454,0.5053553553553554,2.0,1.7071635611869538,0.003371348854812465
455,0.5064464464464465,2.0,1.7293489702929503,-0.08118090835412507
456,0.5075375375375376,2.0,1.7450130119815255,-0.05395682830282541
457,0.5086286286286287,2.0,1.7206762427295177,-0.05284184734083949
458,0.5097197197197197,2.0,1.7124400493106813,-0.06746764220421173
459,0.5108108108108109,2.0,1.7197166523804872,-0.08937370192855842
460,0.511901901901902,2.0,1.7163568636420152,-0.0641439353090568
461,0.5129929929929931,2.0,1.7277141455733513,-0.08035005780104046
462,0.5140840840840841,2.0,1.695909121980368,-0.06256328040305027
463,0.5151751751751753,2.0,1.7257119811894095,-0.0502322155317036
464,0.5162662662662664,2.0,1.7427203631626613,-0.03823177599942288
465,0.5173573573573574,2.0,1.7272559683765225,-0.023986214250918438
466,0.5184484484484485,2.0,1.7149775924405124,-0.0546723822946848
467,0.5195395395395396,2.0,1.7274088829376564,-0.0523538476489947
468,0.5206306306306308,2.0,1.763143877387631,-0.07024199068860235
469,0.5217217217217218,2.0,1.7188360209030247,-0.03669566364511623
470,0.5228128128128129,2.0,1.7354748858185873,-0.06561548467557667
471,0.523903903903904,2.0,1.7149230725894147,-0.04886552487966568
472,0.524994994994995,2.0,1.7075034171248842,-0.01734206378980305
473,0.5260860860860862,2.0,1.7328214438128182,-0.058903934817493606
474,0.5271771771771773,2.0,1.7139700582369615,-0.04926801276937873
475,0.5282682682682683,2.0,1.7049042726379098,-0.037859581431878
476,0.5293593593593594,2.0,1.7204169301842842,0.02177917779932656
477,0.5304504504504506,2.0,1.7320615799923573,-0.05633180559707227
478,0.5315415415415417,2.0,1.7278635549997952,-0.04559793876158921
479,0.5326326326326327,2.0,1.725583046620485,-0.04145382155647689
480,0.5337237237237238,2.0,1.7290925259586323,-0.04743958111872758
481,0.5348148148148149,2.0,1.7263105993951007,-0.025179161723553188
482,0.535905905905906,2.0,1.758189455169031,-0.03783743893119311
483,0.5369969969969971,2.0,1.7169259637675358,-0.03265152862631673
484,0.5380880880880882,2.0,1.7307742153146926,-0.04727530939155774
485,0.5391791791791792,2.0,1.7495600519676124,-0.038730151529319405
486,0.5402702702702703,2.0,1.7119157319605467,-0.00667029993170987
487,0.5413613613613615,2.0,1.7216625840015662,-0.020259651113980398
488,0.5424524524524525,2.0,1.7237595486726378,-0.05974755123697895
489,0.5435435435435436,2.0,1.7161823294825076,-0.03683277929913207
490,0.5446346346346347,2.0,1.7287897099175118,-0.03911202502064307
491,0.5457257257257259,2.0,1.7219753494138326,-0.013294660960976428
492,0.5468168168168169,2.0,1.7080802161241884,-0.036164763745042405
493,0.547907907907908,2.0,1.72354965660514,0.002669875056269528
494,0.5489989989989991,2.0,1.7307130069585792,-0.021232675635534992
495,0.5500900900900901,2.0,1.7220686729213655,-0.004723122473143864
496,0.5511811811811813,2.0,1.7403405412190556,-0.02384151780250941
497,0.5522722722722724,2.0,1.7503364169069842,-0.018370961724109278
498,0.5533633633633634,2.0,1.705717327451829,-0.014154403503463002
499,0.5544544544544545,2.0,1.7080493300345347,-0.010017619966682868
500,0.5555455455455456,2.0,1.714682641711426,-0.008735454571956725
501,0.5566366366366368,2.0,1.7109464456762624,-0.029173521893550197
502,0.5577277277277278,2.0,1.7393632208497734,-0.03287963913539489
503,0.5588188188188189,2.0,1.7136681195474026,0.003577858850027777
504,0.55990990990991,2.0,1.7130030564717926,0.00747725936177276
505,0.5610010010010011,2.0,1.7227540423017522,0.00253155318390216
506,0.5620920920920922,2.0,1.724488107390394,-0.03923329925088106
507,0.5631831831831833,2.0,1.707784726434396,-0.07270332324728947
508,0.5642742742742743,2.0,1.7352829709328375,0.0006391683069383397
509,0.5653653653653654,2.0,1.7076689653149437,-0.022289573325230714
510,0.5664564564564566,2.0,1.721622287113634,-0.014758916801049501
511,0.5675475475475477,2.0,1.7385987857603944,-0.012563608937333595
512,0.5686386386386387,2.0,1.746382614776538,0.03235818552101933
513,0.5697297297297298,2.0,1.7189239627203337,0.011851587797035084
514,0.5708208208208209,2.0,1.685630104000026,-0.03978589792782267
515,0.571911911911912,2.0,1.742465655434103,-0.00527401133684269
516,0.5730030030030031,2.0,1.716196891950238,-0.011869767408641648
517,0.5740940940940942,2.0,1.732660370172187,0.02120142587506039
518,0.5751851851851852,2.0,1.7203436367251752,0.044182616337142294
519,0.5762762762762763,2.0,1.721168980552482,0.013418755131523555
520,0.5773673673673675,2.0,1.71142756140294,0.011308662939014039
521,0.5784584584584586,2.0,1.735411203146329,0.0006935058239865528
522,0.5795495495495496,2.0,1.7064029135985372,-0.010293468154778449
523,0.5806406406406407,2.0,1.7051821835901388,0.02367161727043426
524,0.5817317317317319,2.0,1.722293049306348,-0.03131436050605477
525,0.5828228228228229,2.0,1.7522822855659403,0.0453160272761922
526,0.583913913913914,2.0,1.7574201752140304,-0.00126848013052421
527,0.5850050050050051,2.0,1.7363877211828345,0.0451925946382927
528,0.5860960960960961,2.0,1.7069902212071388,-0.05617879680368846
529,0.5871871871871873,2.0,1.7266007025716343,-0.022368914908076003
530,0.5882782782782784,2.0,1.7424024717848106,0.029768716616753517
531,0.5893693693693695,2.0,1.7119082280568316,-0.04237457716504302
532,0.5904604604604605,2.0,1.7112577289609499,-0.005738687666410773
533,0.5915515515515516,2.0,1.7050162428110007,0.06928681364836875
534,0.5926426426426428,2.0,1.7197153901674804,-0.02417244880954101
535,0.5937337337337338,2.0,1.6952315153621607,-0.02931940016253446
536,0.5948248248248249,2.0,1.7511962525674956,0.008165455496187232
537,0.595915915915916,2.0,1.7148922782432499,-0.005632385106676657
538,0.5970070070070072,2.0,1.7590845849330161,-0.025421858180664288
539,0.5980980980980982,2.0,1.7355158191694955,0.016129776126225938
540,0.5991891891891893,2.0,1.7242688982720404,0.08482437226960708
541,0.6002802802802804,2.0,1.7122423188440086,-0.005445605537877589
542,0.6013713713713714,2.0,1.7255232745887064,0.09362580965890208
543,0.6024624624624626,2.0,1.7308002359243273,0.07368521472236417
544,0.6035535535535537,2.0,1.7222631834494533,0.06524843185293344
545,0.6046446446446447,2.0,1.7106500541122407,-0.01351151202839434
546,0.6057357357357358,2.0,1.730117245120529,0.007440406090952739
547,0.6068268268268269,2.0,1.742485060947782,-0.010446094479060163
548,0.607917917917918,2.0,1.7284776573720868,0.0514380371076498
549,0.6090090090090091,2.0,1.7232132791474661,-0.05136570174112757
550,0.6101001001001002,2.0,1.7009662786725561,0.07255029903066793
551,0.6111911911911913,2.0,1.7600264538760817,0.0007084677056277823
552,0.6122822822822824,2.0,1.7144605154300634,0.026084458424220715
553,0.6133733733733735,2.0,1.7257530410493938,0.04622215409874446
554,0.6144644644644646,2.0,1.734658197414377,-0.0046326849196671824
555,0.6155555555555556,2.0,1.7535730610107425,-0.008131619384521402
556,0.6166466466466467,2.0,1.7677442296084822,0.03905013990839832
557,0.6177377377377379,2.0,1.7214711717637479,0.007248037132280327
558,0.618828828828829,2.0,1.732324236394248,-0.010324010118056134
559,0.61991991991992,2.0,1.7159744210525532,-0.0167864918953434
560,0.6210110110110111,2.0,1.7188689285916576,-0.017212755523331662
561,0.6221021021021022,2.0,1.7177906185180913,0.0013311826950665351
562,0.6231931931931933,2.0,1.6952270007694046,0.01847511399434678
563,0.6242842842842844,2.0,1.7253110768940927,0.014694447741909802
564,0.6253753753753755,2.0,1.728024101481725,0.008031846719723736
565,0.6264664664664665,2.0,1.7343656311617974,0.004182683855857279
566,0.6275575575575576,2.0,1.7574016952655682,0.04809602220175305
567,0.6286486486486488,2.0,1.7131426093379831,0.014012226600553663
568,0.6297397397397398,2.0,1.7285975793164472,0.03901857517418836
569,0.6308308308308309,2.0,1.6970035530829939,0.04679472866618639
570,0.631921921921922,2.0,1.713260747529576,0.055322883486169476
571,0.6330130130130132,2.0,1.6905340055696496,0.02720522312360119
572,0.6341041041041042,2.0,1.721068951523403,0.00763131760738583
573,0.6351951951951953,2.0,1.7576000072790574,0.0022524568419534687
574,0.6362862862862864,2.0,1.770289226260518,0.009955001285691299
575,0.6373773773773774,2.0,1.7198528302342415,0.08903654587355497
576,0.6384684684684686,2.0,1.689658874934655,0.007423363362777428
577,0.6395595595595597,2.0,1.7603900959051644,0.0424322391165045
578,0.6406506506506507,2.0,1.7352076499432845,0.02158278773234838
579,0.6417417417417418,2.0,1.7280785355032875,0.030677375092132822
580,0.6428328328328329,2.0,1.7571821201267075,0.01283611508826279
581,0.6439239239239241,2.0,1.7169522240324955,0.028226470942066907
582,0.6450150150150151,2.0,1.7148228988932157,-0.01257509714465052
583,0.6461061061061062,2.0,1.7501014228469283,0.042179907260869454
584,0.6471971971971973,2.0,1.7089812528516435,0.06991064965970664
585,0.6482882882882884,2.0,1.7097813343428971,0.05519310269837288
586,0.6493793793793795,2.0,1.7233408557349235,0.021683814548347974
587,0.6504704704704706,2.0,1.7234320966302015,0.03545357522864192
588,0.6515615615615616,2.0,1.7043309175016401,0.06458925914981745
589,0.6526526526526527,2.0,1.7118499242332597,0.013640061428672067
590,0.6537437437437439,2.0,1.77425147201066,0.013298949659817642
591,0.654834834834835,2.0,1.7432851517094459,0.12439134494464348
592,0.655925925925926,2.0,1.7488574012774205,0.043986569403743396
593,0.6570170170170171,2.0,1.7015166453188562,0.10378502802789881
594,0.6581081081081082,2.0,1.7322435672358392,0.008090660874742321
595,0.6591991991991993,2.0,1.7286464816202114,0.09268053996253252
596,0.6602902902902904,2.0,1.721400264738548,0.06493827604140079
597,0.6613813813813815,2.0,1.6949286217398016,0.01990225839852292
598,0.6624724724724725,2.0,1.7140174309677394,-0.010736379812855553
599,0.6635635635635637,2.0,1.702614704050157,0.04798131371395747
600,0.6646546546546548,2.0,1.73630879114482,0.09453518856894093
601,0.6657457457457459,2.0,1.7339704041198611,0.05214597142413637
602,0.6668368368368369,2.0,1.7752962045525218,0.06836758310567578
603,0.667927927927928,2.0,1.7096621389078632,-0.002707734655190679
604,0.6690190190190192,2.0,1.7505107766453292,0.0492836220889586
605,0.6701101101101102,2.0,1.7691667963866822,0.06485001692225444
606,0.6712012012012013,2.0,1.7111436372434787,0.056445213097822536
607,0.6722922922922924,2.0,1.719077488951468,0.11523594016820163
608,0.6733833833833834,2.0,1.6861761382811395,0.09711699834005462
609,0.6744744744744746,2.0,1.738561442956415,0.04493240530808803
610,0.6755655655655657,2.0,1.738195977155774,0.06713540776821997
611,0.6766566566566568,2.0,1.7004088089587797,0.054288915449611314
612,0.6777477477477478,2.0,1.7116810304277037,0.08338536459203715
613,0.678838838838839,2.0,1.688709422409639,0.07321492315103072
614,0.6799299299299301,2.0,1.7493280530732604,0.0709206486348045
615,0.6810210210210211,2.0,1.7409470576939747,0.09076255193568881
616,0.6821121121121122,2.0,1.7051069662998053,0.05534982587554046
617,0.6832032032032033,2.0,1.744089578480697,0.10060293753605881
618,0.6842942942942944,2.0,1.7161990047526134,0.07837324087748831
619,0.6853853853853855,2.0,1.6995649417485175,0.08219120752107423
620,0.6864764764764766,2.0,1.7565165345250773,0.08411926161704841
621,0.6875675675675677,2.0,1.7262842403621124,0.030015127251314958
622,0.6886586586586587,2.0,1.7253487643240168,0.11928396968120439
623,0.6897497497497499,2.0,1.7192992794255388,0.12334120168274228
624,0.690840840840841,2.0,1.7442713087750068,0.09837237525984595
625,0.691931931931932,2.0,1.7237168094247857,0.02280577222955994
626,0.6930230230230231,2.0,1.7584789798889442,0.14651297445704156
627,0.6941141141141142,2.0,1.7158884113544333,0.037408891189516624
628,0.6952052052052053,2.0,1.6925064087520474,0.13650772450214238
629,0.6962962962962964,2.0,1.7635188311442984,0.13731871492701078
630,0.6973873873873875,2.0,1.770770857318655,0.13872275825396366
631,0.6984784784784785,2.0,1.7255112667090373,0.07172854531357332
632,0.6995695695695697,2.0,1.7188087926253877,0.06915920877666801
633,0.7006606606606608,2.0,1.7238603768995797,0.09335106016164342
634,0.7017517517517519,2.0,1.742850316014139,0.12444066317018443
635,0.7028428428428429,2.0,1.7675493166579577,0.12335358547561431
636,0.703933933933934,2.0,1.7142512563612216,0.03327052764636506
637,0.7050250250250252,2.0,1.7474752772608337,0.10065382349787234
638,0.7061161161161162,2.0,1.7292300346836458,0.09994608928357726
639,0.7072072072072073,2.0,1.7551780513344764,0.1051800644582407
640,0.7082982982982984,2.0,1.7247169320827058,0.14594705103727607
641,0.7093893893893894,2.0,1.730642382696404,0.05965655243221767
642,0.7104804804804806,2.0,1.7477484263763297,0.10844161303560726
643,0.7115715715715717,2.0,1.7177524531858537,0.12375865447987436
644,0.7126626626626628,2.0,1.6953229191652062,0.04466824753538568
645,0.7137537537537538,2.0,1.7644071941886867,0.12273151546697496
646,0.714844844844845,2.0,1.7058810963984767,0.10586902579495922
647,0.7159359359359361,2.0,1.7281951365634527,0.015532142437934974
648,0.7170270270270271,2.0,1.7257402725231066,0.1329141125756196
649,0.7181181181181182,2.0,1.7486806342854009,0.1037242427311492
650,0.7192092092092093,2.0,1.7168418439882416,0.09522306535018288
651,0.7203003003003005,2.0,1.722145107907728,0.08835803234911373
652,0.7213913913913915,2.0,1.7503602461996142,0.13379254629702214
653,0.7224824824824826,2.0,1.730755233949708,0.13755588826582552
654,0.7235735735735737,2.0,1.7575849295488108,0.06707946483921101
655,0.7246646646646647,2.0,1.6948097030824356,0.07967245544648174
656,0.7257557557557559,2.0,1.761046697977219,0.18049306864620393
657,0.726846846846847,2.0,1.7252222661347032,0.11425438604822796
658,0.727937937937938,2.0,1.7181255036835588,0.07039280817507797
659,0.7290290290290291,2.0,1.7716302534937285,0.13905270949272577
660,0.7301201201201203,2.0,1.7631849506009036,0.16565151815154028
661,0.7312112112112114,2.0,1.7291509081852394,0.024265887445759915
662,0.7323023023023024,2.0,1.775101102007335,0.15385470393742245
663,0.7333933933933935,2.0,1.7514962072329197,0.11224255757667634
664,0.7344844844844846,2.0,1.754477452326014,0.06709886747371525
665,0.7355755755755757,2.0,1.7493489836818235,0.1011167269514036
666,0.7366666666666668,2.0,1.7333900569502645,0.09106286010199223
667,0.7377577577577579,2.0,1.7086023523723448,0.15862907671751025
668,0.7388488488488489,2.0,1.725015663995336,0.11235717191501376
669,0.73993993993994,2.0,1.7559934448715677,0.1165598435843605
670,0.7410310310310312,2.0,1.7558751505358015,0.11905838149322266
671,0.7421221221221223,2.0,1.747371895059602,0.16677159637878639
672,0.7432132132132133,2.0,1.75799818468744,0.12397253759644156
673,0.7443043043043044,2.0,1.7562324975206824,0.1556872900858571
674,0.7453953953953955,2.0,1.7061928763793481,0.07683392317948694
675,0.7464864864864866,2.0,1.7335650671667888,0.11419740783085758
676,0.7475775775775777,2.0,1.7531759153993969,0.14670248972774555
677,0.7486686686686688,2.0,1.7178165871313882,0.1477663537390225
678,0.7497597597597598,2.0,1.7299859274044938,0.18449981252917208
679,0.750850850850851,2.0,1.7615132771268134,0.06157490597099868
680,0.7519419419419421,2.0,1.76018097498371,0.11816604974311508
681,0.7530330330330332,2.0,1.7481865827428857,0.12537377412819323
682,0.7541241241241242,2.0,1.7586325910043112,0.12343413496259904
683,0.7552152152152153,2.0,1.7238897590224618,0.17970095027838753
684,0.7563063063063065,2.0,1.7066124981673545,0.12488447434631363
685,0.7573973973973975,2.0,1.7616859979742958,0.1446452293593528
686,0.7584884884884886,2.0,1.7677966601990467,0.14448841958315328
687,0.7595795795795797,2.0,1.7651534052464546,0.17453840030611573
688,0.7606706706706707,2.0,1.7551845204235617,0.18038401766884998
689,0.7617617617617619,2.0,1.7544822149271362,0.16581149681501378
690,0.762852852852853,2.0,1.7319743687798685,0.12976137723135836
691,0.763943943943944,2.0,1.739695068930417,0.18006310292529565
692,0.7650350350350351,2.0,1.7633484629434426,0.3117120974026051
693,0.7661261261261263,2.0,1.7634597505813523,0.1984008021051078
694,0.7672172172172174,2.0,1.7597600088679815,0.16076544422103428
695,0.7683083083083084,2.0,1.73588633686173,0.16772221060843015
696,0.7693993993993995,2.0,1.695029609789468,0.08890238873209377
697,0.7704904904904906,2.0,1.742889059831571,0.17790013340696173
698,0.7715815815815817,2.0,1.7610318469635025,0.1820884781336802
699,0.7726726726726728,2.0,1.7206708586517203,0.06898891087225695
700,0.7737637637637639,2.0,1.7617284996087181,0.15931725422807375
701,0.774854854854855,2.0,1.7685650410442197,0.10617473924861012
702,0.775945945945946,2.0,1.7497144534431095,0.13527911111355306
703,0.7770370370370372,2.0,1.7487335352286435,0.08599720921620621
704,0.7781281281281283,2.0,1.7639229483270296,0.16937465842504584
705,0.7792192192192193,2.0,1.7123675446179418,0.1338781257652854
706,0.7803103103103104,2.0,1.7451683674595597,0.22241684561219152
707,0.7814014014014016,2.0,1.7151065928863511,0.14559763878322493
708,0.7824924924924926,2.0,1.7253548778109797,0.13408147018997318
709,0.7835835835835837,2.0,1.7393599727372204,0.1666578671869831
710,0.7846746746746748,2.0,1.7516718551747952,0.21928810463943857
711,0.7857657657657658,2.0,1.7548250686375422,0.21306435490455197
712,0.786856856856857,2.0,1.7401556366145123,0.1962894864158908
713,0.7879479479479481,2.0,1.7404728583492213,0.17285072893897857
714,0.7890390390390392,2.0,1.737846220414107,0.20729315764877976
715,0.7901301301301302,2.0,1.7580874745667803,0.23336719873511666
716,0.7912212212212213,2.0,1.7588843881145722,0.15319168654774476
717,0.7923123123123125,2.0,1.7476788263018177,0.18057778183582468
718,0.7934034034034035,2.0,1.7620795130822318,0.15657859978201497
719,0.7944944944944946,2.0,1.753424442629234,0.15922503340357422
720,0.7955855855855857,2.0,1.7432621950092073,0.18704117497006237
721,0.7966766766766767,2.0,1.765972665553069,0.15155143321745834
722,0.7977677677677679,2.0,1.7381293966731455,0.17531964141540518
723,0.798858858858859,2.0,1.6890395424202747,0.14312178274862208
724,0.7999499499499501,2.0,1.7379872818080555,0.15285931772879963
725,0.8010410410410411,2.0,1.7287244527782013,0.2038898314321918
726,0.8021321321321323,2.0,1.7200098093645955,0.27392890088511457
727,0.8032232232232234,2.0,1.7371108722774853,0.19739605098970972
728,0.8043143143143144,2.0,1.7623506103145181,0.19620806835448268
729,0.8054054054054055,2.0,1.7653209812255233,0.23714673727312063
730,0.8064964964964966,2.0,1.7567847501364986,0.16409641201468994
731,0.8075875875875878,2.0,1.740863237262737,0.1514985572269613
732,0.8086786786786788,2.0,1.7443468065827001,0.23309970418389658
733,0.8097697697697699,2.0,1.7514226757700764,0.18709133698602967
734,0.810860860860861,2.0,1.7188367402897586,0.20541984302954905
735,0.811951951951952,2.0,1.7420782868678133,0.14019740249208823
736,0.8130430430430432,2.0,1.753822189991787,0.1454747703963964
737,0.8141341341341343,2.0,1.7333142011518623,0.2131751933650551
738,0.8152252252252253,2.0,1.7584183427925466,0.2527995683652094
739,0.8163163163163164,2.0,1.727173486103948,0.2836581754469035
740,0.8174074074074076,2.0,1.7577370975206323,0.23677170646819792
741,0.8184984984984987,2.0,1.7404830105476108,0.27119211297529694
742,0.8195895895895897,2.0,1.7301177921808988,0.1106801377116999
743,0.8206806806806808,2.0,1.7505175007995635,0.20564059555956277
744,0.8217717717717719,2.0,1.7624071394032992,0.18871343177939098
745,0.822862862862863,2.0,1.7599338582280133,0.22656482250838647
746,0.8239539539539541,2.0,1.7470131367697737,0.23787313267522084
747,0.8250450450450452,2.0,1.7377566633088024,0.13467555846083745
748,0.8261361361361362,2.0,1.7579558658990306,0.23890761114269365
749,0.8272272272272273,2.0,1.7334875069968467,0.22132714328167707
750,0.8283183183183185,2.0,1.7324065502891308,0.10568987942703609
751,0.8294094094094095,2.0,1.7637502932190812,0.2075943662186184
752,0.8305005005005006,2.0,1.769130221169843,0.19512272276262652
753,0.8315915915915917,2.0,1.7621969447078267,0.18972879834682874
754,0.8326826826826829,2.0,1.7653093046805939,0.26972993224707714
755,0.8337737737737739,2.0,1.7222230784805543,0.20259819022126865
756,0.834864864864865,2.0,1.74762408908292,0.2031018308420605
757,0.8359559559559561,2.0,1.7461148336463626,0.1618376712452188
758,0.8370470470470471,2.0,1.7571164927054785,0.2644460433945558
759,0.8381381381381383,2.0,1.755727488636931,0.3058259475589221
760,0.8392292292292294,2.0,1.7354189461066278,0.20665489820493907
761,0.8403203203203204,2.0,1.7551844557646699,0.29019312307854445
762,0.8414114114114115,2.0,1.7558089508310581,0.246752473419841
763,0.8425025025025026,2.0,1.7563007898002316,0.18846630179748833
764,0.8435935935935938,2.0,1.7599223076118777,0.20064813142037
765,0.8446846846846848,2.0,1.767033480957425,0.2724751295439602
766,0.8457757757757759,2.0,1.7589967373886692,0.15596381983024746
767,0.846866866866867,2.0,1.760753343515509,0.30694068851479755
768,0.8479579579579581,2.0,1.7570521442291729,0.19047941735188925
769,0.8490490490490492,2.0,1.7564560590125813,0.187264947572889
770,0.8501401401401403,2.0,1.7372960298258553,0.2748767586552679
771,0.8512312312312313,2.0,1.7298360642514352,0.17715487363571442
772,0.8523223223223224,2.0,1.7137262267474085,0.19947465783552215
773,0.8534134134134136,2.0,1.7463128483492116,0.25261279233515516
774,0.8545045045045047,2.0,1.7395862214605042,0.24167376369281873
775,0.8555955955955957,2.0,1.7546318853958203,0.2712362549459928
776,0.8566866866866868,2.0,1.7515734274067523,0.27007005183430877
777,0.8577777777777779,2.0,1.759645163864564,0.1966981473975363
778,0.858868868868869,2.0,1.7632565834577905,0.19632337151245371
779,0.8599599599599601,2.0,1.7379638045096073,0.280003939123336
780,0.8610510510510512,2.0,1.760082884062295,0.29610789483321515
781,0.8621421421421422,2.0,1.7355454103848091,0.23705164332100048
782,0.8632332332332333,2.0,1.7264264005685679,0.2314395759593741
783,0.8643243243243245,2.0,1.7350861540702764,0.23677996672408794
784,0.8654154154154156,2.0,1.7586895297666716,0.27639206157279134
785,0.8665065065065066,2.0,1.756671555918232,0.31232522489467807
786,0.8675975975975977,2.0,1.7638773781841186,0.3089442468648237
787,0.8686886886886889,2.0,1.758478095300645,0.2932730232683723
788,0.8697797797797799,2.0,1.757998463851409,0.3050714709132763
789,0.870870870870871,2.0,1.760557632255364,0.20357927859589028
790,0.8719619619619621,2.0,1.7615685315576546,0.2826598060730731
791,0.8730530530530531,2.0,1.7362685390999797,0.2051317993370985
792,0.8741441441441443,2.0,1.7472501228023138,0.2675457349432507
793,0.8752352352352354,2.0,1.7420365863007419,0.30196348326476397
794,0.8763263263263265,2.0,1.7284297279380187,0.26332851933460644
795,0.8774174174174175,2.0,1.7546215824740894,0.2707196377943671
796,0.8785085085085086,2.0,1.7578536138481715,0.2557637684338797
797,0.8795995995995998,2.0,1.758415451247374,0.29089957696384205
798,0.8806906906906908,2.0,1.7668430437124045,0.2664425626066916
799,0.8817817817817819,2.0,1.7522479898475736,0.2459781853030356
800,0.882872872872873,2.0,1.7562095579619168,0.32517173890783024
801,0.8839639639639641,2.0,1.7653148263482314,0.23687846412891048
802,0.8850550550550552,2.0,1.7745281635557715,0.24976349020750163
803,0.8861461461461463,2.0,1.7612184542682163,0.23369634239981302
804,0.8872372372372374,2.0,1.753582796953775,0.3025810353604735
805,0.8883283283283284,2.0,1.7549652593833605,0.3277099671388651
806,0.8894194194194196,2.0,1.7521736415662752,0.28512187639112174
807,0.8905105105105107,2.0,1.7172300816273192,0.2944239180052123
808,0.8916016016016017,2.0,1.7573796914918947,0.20565714718442674
809,0.8926926926926928,2.0,1.758798089893668,0.3684615644325686
810,0.8937837837837839,2.0,1.7504989615827675,0.3467708354761435
811,0.894874874874875,2.0,1.7593882412110295,0.208503336811638
812,0.8959659659659661,2.0,1.7642962534663178,0.4103881264709617
813,0.8970570570570572,2.0,1.7605424068461415,0.17374642587751493
814,0.8981481481481483,2.0,1.7614232678647745,0.296101357923896
815,0.8992392392392394,2.0,1.7501765247843821,0.239938815126361
816,0.9003303303303305,2.0,1.7606832574920646,0.2550219942271607
817,0.9014214214214216,2.0,1.7502421485842867,0.28121172654036813
818,0.9025125125125126,2.0,1.751107956715361,0.300341287837723
819,0.9036036036036037,2.0,1.7535982503265217,0.30898977181367004
820,0.9046946946946949,2.0,1.7491373303941826,0.3585425540687901
821,0.905785785785786,2.0,1.7626752264936814,0.3829865077694022
822,0.906876876876877,2.0,1.75649338838056,0.2724681689974685
823,0.9079679679679681,2.0,1.7512300792591253,0.36216925850493487
824,0.9090590590590591,2.0,1.7537379318251436,0.31653693342945066
825,0.9101501501501503,2.0,1.756932416600216,0.20761421984579484
826,0.9112412412412414,2.0,1.752731987762227,0.30145908674705674
827,0.9123323323323325,2.0,1.7516480189017698,0.27297418075688235
828,0.9134234234234235,2.0,1.7656155678797996,0.30110422329952674
829,0.9145145145145146,2.0,1.7524708682089916,0.29742763774834496
830,0.9156056056056058,2.0,1.7591571203433507,0.2872813144312473
831,0.9166966966966968,2.0,1.7549987782473224,0.3208838724486852
832,0.9177877877877879,2.0,1.7602964011716227,0.3229447003702477
833,0.918878878878879,2.0,1.7625621693286135,0.2705229744753242
834,0.9199699699699702,2.0,1.7623943162246876,0.37471147627567203
835,0.9210610610610612,2.0,1.7546382336945625,0.35596780836629105
836,0.9221521521521523,2.0,1.768834784524279,0.3296169254493806
837,0.9232432432432434,2.0,1.7656110276348984,0.39384982280164915
838,0.9243343343343344,2.0,1.7613201445852955,0.3931875525772143
839,0.9254254254254256,2.0,1.762144179473563,0.33158800504163916
840,0.9265165165165167,2.0,1.7537005097282847,0.33790513481867807
841,0.9276076076076077,2.0,1.7661982253214716,0.30912833210981483
842,0.9286986986986988,2.0,1.758882541153966,0.40633406092225527
843,0.9297897897897899,2.0,1.7559285878116606,0.4723797479207981
844,0.9308808808808811,2.0,1.7398684280158483,0.30740462496197396
845,0.9319719719719721,2.0,1.760977271424489,0.40404567827103866
846,0.9330630630630632,2.0,1.7598342322467404,0.3483168662091852
847,0.9341541541541543,2.0,1.7331707759683017,0.3423945026978062
848,0.9352452452452454,2.0,1.7532384396133094,0.2864455466775684
849,0.9363363363363365,2.0,1.7661750968552488,0.35875192594608585
850,0.9374274274274276,2.0,1.7592908896165602,0.3323627163487815
851,0.9385185185185186,2.0,1.740016257167381,0.2500227705102744
852,0.9396096096096097,2.0,1.758720186744453,0.32184018100202105
853,0.9407007007007009,2.0,1.751511691144096,0.432581927649424
854,0.941791791791792,2.0,1.7536214546229234,0.35423458585328155
855,0.942882882882883,2.0,1.7549152442097355,0.32083206561922667
856,0.9439739739739741,2.0,1.7497905301777625,0.31022740539623417
857,0.9450650650650652,2.0,1.7541925645084706,0.3755690855161464
858,0.9461561561561563,2.0,1.74778668281183,0.34288427418715617
859,0.9472472472472474,2.0,1.761721180422049,0.24858806135045908
860,0.9483383383383385,2.0,1.729692749022107,0.3521343890849477
861,0.9494294294294295,2.0,1.7613377772204175,0.35187347063217195
862,0.9505205205205207,2.0,1.7573641323663132,0.4170734784919247
863,0.9516116116116118,2.0,1.7453586472422564,0.2710916110728045
864,0.9527027027027029,2.0,1.75227805098076,0.3773319807252812
865,0.9537937937937939,2.0,1.7401550331722382,0.3740376420163031
866,0.954884884884885,2.0,1.7599730747649533,0.40819342287076643
867,0.9559759759759762,2.0,1.75973703561125,0.33085140030600085
868,0.9570670670670672,2.0,1.7667584449422147,0.41630407753643317
869,0.9581581581581583,2.0,1.7584160449145239,0.2993899086862677
870,0.9592492492492494,2.0,1.7589226045381348,0.35850292310147575
871,0.9603403403403404,2.0,1.7543587119376882,0.3088984037201378
872,0.9614314314314316,2.0,1.7543760462185112,0.39248880700906813
873,0.9625225225225227,2.0,1.7404105661546476,0.2693692149709301
874,0.9636136136136138,2.0,1.753992083769763,0.34514345960296167
875,0.9647047047047048,2.0,1.7516208755018985,0.40821675358285225
876,0.9657957957957959,2.0,1.7607734125732917,0.22173355396294944
877,0.9668868868868871,2.0,1.759692288460307,0.45570293999984735
878,0.9679779779779781,2.0,1.7547414708765665,0.38470861066229517
879,0.9690690690690692,2.0,1.7537813940567895,0.29137729783693384
880,0.9701601601601603,2.0,1.7575110558018767,0.3431091231964301
881,0.9712512512512514,2.0,1.762950590117688,0.3257017547732814
882,0.9723423423423425,2.0,1.725103900576908,0.28826475621168135
883,0.9734334334334336,2.0,1.7603501803391366,0.3640574145686811
884,0.9745245245245246,2.0,1.7665653545930575,
885,0.9756156156156157,2.0,1.7464925126708997,0.35290556219626057
886,0.9767067067067069,2.0,1.7459730407367442,0.2761910171300012
887,0.977797797797798,2.0,1.7565787753962332,0.3872868453074908
888,0.978888888888889,2.0,1.7505477713734243,0.4117165978073924
889,0.9799799799799801,2.0,1.7633387783762564,0.45816006165029316
890,0.9810710710710712,2.0,1.742670944141814,0.37479485959476605
891,0.9821621621621623,2.0,1.7630646813554096,0.3015022934363391
892,0.9832532532532534,2.0,1.7533362916286144,0.30222997107017535
893,0.9843443443443445,2.0,1.760886291516912,0.4427271973756817
894,0.9854354354354355,2.0,1.7493010541436456,0.3113969159652482
895,0.9865265265265267,2.0,1.763157520306806,0.3796811304647737
896,0.9876176176176178,2.0,1.7646099608145998,0.39056503026069317
897,0.9887087087087089,2.0,1.7636492528750805,0.3866723918840153
898,0.9897997997997999,2.0,1.7607362406432878,0.3138780660839056
899,0.990890890890891,2.0,1.7651645603176904,0.314590225060154
900,0.9919819819819822,2.0,1.7617293303493862,0.4025288398345595
901,0.9930730730730732,2.0,1.7567405448032483,0.36231132382938086
902,0.9941641641641643,2.0,1.7647957949250117,0.5347501733931016
903,0.9952552552552554,2.0,1.7554932545185196,0.5187599364805493
904,0.9963463463463464,2.0,1.7650081718804027,0.28824634252643977
905,0.9974374374374376,2.0,1.7598058289424325,0.3718546483238379
906,0.9985285285285287,2.0,1.7598865852127812,0.4715498555900998
907,0.9996196196196198,2.0,1.7530102159054102,0.35431329723022487
908,1.0007107107107107,2.0,1.7646349075859211,0.46925858189378444
909,1.001801801801802,2.0,1.7629226154375193,0.31058526636837525
910,1.002892892892893,2.0,1.7605623460804143,0.5292216178596733
911,1.0039839839839841,2.0,1.7544731746978808,0.32928733773529306
912,1.0050750750750752,2.0,1.7656536303432084,0.2733662183974875
913,1.0061661661661663,2.0,1.756669021279364,0.393304210651343
914,1.0072572572572573,2.0,1.7594133872411586,0.3895390544133247
915,1.0083483483483484,2.0,1.760112291241373,0.45931916117027743
916,1.0094394394394395,2.0,1.765023289962582,0.3459345189315045
917,1.0105305305305308,2.0,1.7576088152386409,0.5153546718658035
918,1.0116216216216218,2.0,1.7557051850664436,0.3584965272460065
919,1.012712712712713,2.0,1.756131521356126,0.4071175976125232
920,1.013803803803804,2.0,1.764380495855352,0.489542270536555
921,1.014894894894895,2.0,1.7509498356650675,0.3688531778819887
922,1.015985985985986,2.0,1.7594387661720408,0.4323678407770154
923,1.0170770770770772,2.0,1.7585764113719675,0.3969431195216322
924,1.0181681681681682,2.0,1.7541327221320477,0.3052438265381907
925,1.0192592592592593,2.0,1.7556341405296014,0.4874300936516629
926,1.0203503503503506,2.0,1.763626361645118,0.43506528085430174
927,1.0214414414414417,2.0,1.7476166006311966,0.3989346285944085
928,1.0225325325325327,2.0,1.7595545407618405,0.37569549977306566
929,1.0236236236236238,2.0,1.7547300553674887,0.36305653970856033
930,1.0247147147147149,2.0,1.7466286952705765,0.4560204974026874
931,1.025805805805806,2.0,1.7467422429525543,0.3529451360677715
932,1.026896896896897,2.0,1.7490396062256264,0.36686320441678694
933,1.027987987987988,2.0,1.7492350406006376,0.4234719437896985
934,1.0290790790790791,2.0,1.7575586449296055,0.4484500010377799
935,1.0301701701701704,2.0,1.7625790583087766,0.4244185159781922
936,1.0312612612612615,2.0,1.7457185575986502,0.37195458904894374
937,1.0323523523523526,2.0,1.755403010313598,0.5454407482206206
938,1.0334434434434436,2.0,1.7533318401792883,0.39890682938460814
939,1.0345345345345347,2.0,1.765838460269024,0.44347259223516033
940,1.0356256256256258,2.0,1.7579167651279084,0.4242694247323723
941,1.0367167167167168,2.0,1.7440567743189737,0.5548161120801457
942,1.037807807807808,2.0,1.7552435117931777,0.4820915385198709
943,1.038898898898899,2.0,1.7501591127899552,0.48083182365774735
944,1.03998998998999,2.0,1.7609866425428031,0.5310143523187137
945,1.0410810810810813,2.0,1.7544853931138313,0.3519384898796809
946,1.0421721721721724,2.0,1.765045343777931,0.594872246059491
947,1.0432632632632635,2.0,1.7656946172501948,0.43603944505027453
948,1.0443543543543545,2.0,1.7580709036291953,0.538070799344645
949,1.0454454454454456,2.0,1.7547381973423,0.48967678098640555
950,1.0465365365365367,2.0,1.762411863224595,0.4172502148901149
951,1.0476276276276277,2.0,1.755248007746077,0.32813384345114227
952,1.0487187187187188,2.0,1.7552654521830862,0.456532920056475
953,1.0498098098098099,2.0,1.759223341377174,0.5194155218109183
954,1.0509009009009012,2.0,1.7675412599959888,0.4319430726562511
955,1.0519919919919922,2.0,1.7668220206801837,0.37700595451094954
956,1.0530830830830833,2.0,1.7595394305455823,0.456319259991761
957,1.0541741741741744,2.0,1.758127469071226,0.4814293901984131
958,1.0552652652652654,2.0,1.7582381274237173,0.39307234856051987
959,1.0563563563563565,2.0,1.7644205609358572,0.40433171535207857
960,1.0574474474474476,2.0,1.7623701896418287,0.5384201651456397
961,1.0585385385385386,2.0,1.762821808501334,0.411840980474646
962,1.0596296296296297,2.0,1.7568062920150889,0.5066074298233333
963,1.060720720720721,2.0,1.7525876168883303,0.4356579805004309
964,1.061811811811812,2.0,1.761000175728123,0.5830348493218475
965,1.0629029029029031,2.0,1.7618594396664118,0.5736999968160593
966,1.0639939939939942,2.0,1.7639664222588103,0.44341996812898166
967,1.0650850850850853,2.0,1.7663284908234358,0.48290299586076746
968,1.0661761761761763,2.0,1.7661796235303544,0.4267747349905853
969,1.0672672672672674,2.0,1.761976993103449,0.512310059926555
970,1.0683583583583585,2.0,1.762771625114327,0.4714556308489209
971,1.0694494494494495,2.0,1.7673649959069426,0.5880747469671256
972,1.0705405405405406,2.0,1.75905280242141,0.5071722559515947
973,1.0716316316316319,2.0,1.7606282660804158,0.40436517317336773
974,1.072722722722723,2.0,1.7646530805559206,0.4603337287319086
975,1.073813813813814,2.0,1.7658427240745547,0.512072702386509
976,1.074904904904905,2.0,1.7542398891608315,0.4994968476575339
977,1.0759959959959962,2.0,1.7600056890075761,0.41783864138502524
978,1.0770870870870872,2.0,1.7690495097167387,
979,1.0781781781781783,2.0,1.7588836976270683,0.39794558029739446
980,1.0792692692692694,2.0,1.759394568523971,0.4944036211882451
981,1.0803603603603604,2.0,1.7678441034104064,0.512096736126286
982,1.0814514514514517,2.0,1.7545508361124729,0.5985921328638686
983,1.0825425425425428,2.0,1.7574717360592558,0.4284848603548618
984,1.0836336336336339,2.0,1.7623294807339143,0.6057696443780468
985,1.084724724724725,2.0,1.7625891816560892,0.45975141802558944
986,1.085815815815816,2.0,1.7555508936526165,0.4939596491396689
987,1.086906906906907,2.0,1.7600496992800818,0.6723773996825873
988,1.0879979979979981,2.0,1.759438526596051,0.5437686343628398
989,1.0890890890890892,2.0,1.762315615533198,0.6040052616667049
990,1.0901801801801803,2.0,1.7570447631223616,0.4843803606661316
991,1.0912712712712713,2.0,1.7619784783514956,0.43966980940696954
992,1.0923623623623626,2.0,1.7596538189132447,0.9068563370982845
993,1.0934534534534537,2.0,1.746381423809896,0.5060487494037057
994,1.0945445445445448,2.0,1.7574116223931453,0.33717287052116107
995,1.0956356356356358,2.0,1.7607360123263136,0.4157507502346149
996,1.0967267267267269,2.0,1.7667308448458192,
997,1.097817817817818,2.0,1.7608593903022862,0.5481720525780237
998,1.098908908908909,2.0,1.7592724742254462,0.5260757369427855
999,1.1,2.0,1.761527205143537,0.5143142386579124
